YYYYMMDD (UTC),Domain,Count
20260520,storage.googleapis.com,20
20260520,googleads.g.doubleclick.net,4
20260520,www.dermstore.com,2
20260520,teamtreehouse.com,2
20260520,onelink.to,1
20260520,www.pangleglobal.com,69234
20260520,pangle-global.io,3
20260520,lm.facebook.com,2
20260520,www.tiktok.com,25
20260520,www.kashkick.com,1
20260520,instagram.com,305
20260520,facebook.com,8
20260520,m.facebook.com,117
20260520,lnkd.in,4
20260520,www.linkedin.com,1
20260520,com.community.oneroom,2
20260520,imasdk.googleapis.com,2
20260520,ibctamil.com,2
20260521,storage.googleapis.com,5
20260521,www.pangleglobal.com,87506
20260521,pangle-global.io,10
20260521,www.tiktok.com,7
20260521,instagram.com,456
20260521,facebook.com,1
20260521,m.facebook.com,219
20260521,t.co,1
20260521,com.twitter.android,95
20260521,x.com,27
20260521,lnkd.in,7
20260521,www.linkedin.com,8
20260521,com.community.oneroom,7
20260521,imasdk.googleapis.com,1
20260521,l.instagram.com,2
20260522,ruangguru.com,1
20260522,googleads.g.doubleclick.net,6
20260522,onelink.to,1
20260522,www.pangleglobal.com,76471
20260522,pangle-global.io,7
20260522,www.tiktok.com,4
20260522,instagram.com,444
20260522,facebook.com,1
20260522,m.facebook.com,206
20260522,com.twitter.android,207
20260522,x.com,62
20260522,l.facebook.com,2
20260522,lnkd.in,16
20260522,www.linkedin.com,8
20260522,com.community.oneroom,2
20260522,com.linkedin.android,1
20260522,imasdk.googleapis.com,4
20260522,www.facebook.com,1
20260523,storage.googleapis.com,6
20260523,onelink.to,3
20260523,www.pangleglobal.com,71983
20260523,pangle-global.io,6
20260523,www.tiktok.com,6
20260523,instagram.com,463
20260523,facebook.com,2
20260523,m.facebook.com,236
20260523,com.twitter.android,140
20260523,x.com,57
20260523,www.petalsearch.com,1
20260523,lnkd.in,17
20260523,www.linkedin.com,4
20260524,storage.googleapis.com,8
20260524,ether-pack-sg.pangle.io,2
20260524,www.pangleglobal.com,66443
20260524,pangle-global.io,5
20260524,instagram.com,396
20260524,facebook.com,1
20260524,m.facebook.com,186
20260524,cmcmarkets.com,1
20260524,com.twitter.android,152
20260524,x.com,46
20260524,lnkd.in,3
20260524,com.community.oneroom,1
20260524,imasdk.googleapis.com,3
20260525,storage.googleapis.com,2
20260525,googleads.g.doubleclick.net,2
20260525,mxtoolbox.com,2
20260525,www.pangleglobal.com,55451
20260525,pangle-global.io,2
20260525,www.tiktok.com,8
20260525,instagram.com,371
20260525,m.facebook.com,201
20260525,com.twitter.android,148
20260525,x.com,40
20260525,lnkd.in,1
20260525,com.community.oneroom,4
20260525,www.facebook.com,1
20260526,storage.googleapis.com,10
20260526,www.pangleglobal.com,56935
20260526,pangle-global.io,8
20260526,www.tiktok.com,8
20260526,instagram.com,387
20260526,m.facebook.com,221
20260526,com.twitter.android,124
20260526,x.com,29
20260526,lnkd.in,5
20260526,com.community.oneroom,5
20260526,adcombo.com,2
20260527,onelink.to,1
20260527,www.pangleglobal.com,4830
20260527,instagram.com,437
20260527,facebook.com,2
20260527,m.facebook.com,275
20260527,com.twitter.android,104
20260527,x.com,31
20260527,l.facebook.com,2
20260527,www.petalsearch.com,1
20260527,search-dra.dt.dbankcloud.com,1
20260527,pdf2go.com,1
20260528,onelink.to,2
20260528,www.pangleglobal.com,2
20260528,instagram.com,405
20260528,facebook.com,1
20260528,m.facebook.com,291
20260528,com.twitter.android,4
20260528,www.facebook.com,1
20260529,onelink.to,3
20260529,instagram.com,432
20260529,facebook.com,4
20260529,m.facebook.com,283
20260529,com.twitter.android,2
20260529,l.facebook.com,2
20260529,lnkd.in,1
20260529,imasdk.googleapis.com,2
20260530,onelink.to,2
20260530,instagram.com,373
20260530,facebook.com,2
20260530,m.facebook.com,307
20260530,com.twitter.android,182
20260530,x.com,43
20260530,www.petalsearch.com,1
20260530,lnkd.in,1
20260531,storage.googleapis.com,26
20260531,ether-pack-sg.pangle.io,1
20260531,onelink.to,2
20260531,www.pangleglobal.com,217526
20260531,pangle-global.io,20
20260531,www.tiktok.com,12
20260531,instagram.com,404
20260531,m.facebook.com,299
20260531,com.twitter.android,73
20260531,x.com,13
20260531,l.facebook.com,2
20260531,com.community.oneroom,3
20260531,www.facebook.com,1
20260601,storage.googleapis.com,8
20260601,www.pangleglobal.com,48140
20260601,us1.admin.mailchimp.com,1
20260601,pangle-global.io,5
20260601,lm.facebook.com,2
20260601,www.tiktok.com,6
20260601,instagram.com,214
20260601,facebook.com,1
20260601,m.facebook.com,145
20260601,com.twitter.android,6
20260601,l.facebook.com,2
20260601,lnkd.in,1
20260601,www.linkedin.com,1
20260601,sparktoro.com,1
20260602,www.pangleglobal.com,28
20260602,com.twitter.android,3
20260603,www.pangleglobal.com,5
20260603,com.twitter.android,2
20260604,www.pangleglobal.com,2
20260604,com.twitter.android,7
20260605,com.twitter.android,25
20260606,com.twitter.android,12
20260606,l.instagram.com,1
20260607,com.twitter.android,13
20260608,instagram.com,1
20260608,com.twitter.android,14
20260608,l.instagram.com,2
20260609,googleads.g.doubleclick.net,4
20260609,onelink.to,1
20260609,feature.com,1
20260609,instagram.com,62
20260609,facebook.com,19
20260609,m.facebook.com,484
20260609,cmcmarkets.com,1
20260609,bobvila.com,1
20260609,t.co,1
20260609,com.twitter.android,9
20260609,l.facebook.com,4
20260609,cryptoslate.com,1
20260609,www.amazon.co.jp,1
20260609,libsyn.com,1
20260609,imasdk.googleapis.com,7
20260610,onelink.to,2
20260610,creative-preview-an.com,1
20260610,instagram.com,385
20260610,facebook.com,5
20260610,m.facebook.com,253
20260610,com.twitter.android,10
20260610,l.facebook.com,1
20260610,marketsmojo.com,1
20260610,imasdk.googleapis.com,1
20260611,storage.googleapis.com,2
20260611,onelink.to,3
20260611,global-oss-sg.uhgzgnb.com,1
20260611,creative-preview-an.com,3
20260611,instagram.com,450
20260611,facebook.com,132
20260611,m.facebook.com,1720
20260611,com.twitter.android,8
20260611,l.facebook.com,8
20260611,global-oss-sg.zmqdez.com,2
20260611,lnkd.in,3
20260611,www.linkedin.com,1
20260612,storage.googleapis.com,3
20260612,onelink.to,1
20260612,www.kktv5.com,1
20260612,creative-preview-an.com,1
20260612,instagram.com,459
20260612,facebook.com,15
20260612,m.facebook.com,1210
20260612,com.twitter.android,2
20260612,x.com,4
20260612,l.facebook.com,1
20260612,www.amazon.co.jp,1
20260613,www.carsensor.net,1
20260613,googleads.g.doubleclick.net,4
20260613,onelink.to,2
20260613,global-oss-sg.uhgzgnb.com,2
20260613,www.guioteca.com,1
20260613,creative-preview-an.com,1
20260613,instagram.com,1362
20260613,m.facebook.com,70
20260613,www.emyaa.com,2
20260613,com.twitter.android,14
20260613,x.com,2
20260613,jouhousaga.com,1
20260613,lnkd.in,2
20260613,www.linkedin.com,1
20260613,guuten.net,1
20260613,imasdk.googleapis.com,4
20260613,l.instagram.com,4
20260614,googleads.g.doubleclick.net,2
20260614,www.rankia.com,1
20260614,onelink.to,1
20260614,instagram.com,1767
20260614,m.facebook.com,97
20260614,www.emyaa.com,1
20260614,www.globalpost.com,1
20260614,com.twitter.android,54
20260614,x.com,3
20260614,imasdk.googleapis.com,6
20260614,www.meistertask.com,1
20260614,aax.amazon-adsystem.com,1
20260615,storage.googleapis.com,4
20260615,onelink.to,1
20260615,instagram.com,1618
20260615,m.facebook.com,112
20260615,com.twitter.android,30
20260615,x.com,3
20260615,www.amazon.co.jp,1
20260615,aax.amazon-adsystem.com,1
20260616,storage.googleapis.com,2
20260616,global-oss-sg.uhgzgnb.com,5
20260616,com.playstrom.dop2,1
20260616,www.sprouts.com,1
20260616,feature.com,1
20260616,instagram.com,1715
20260616,m.facebook.com,96
20260616,www.emyaa.com,1
20260616,com.twitter.android,24
20260616,x.com,6
20260616,imasdk.googleapis.com,3
20260616,www.wethrift.com,1
20260616,l.instagram.com,1
20260617,storage.googleapis.com,2
20260617,googleads.g.doubleclick.net,2
20260617,onelink.to,3
20260617,tpc.googlesyndication.com,1
20260617,paulwarmer.com,1
20260617,rtb-us-east.linkedin.com,1
20260617,instagram.com,1994
20260617,m.facebook.com,151
20260617,www.emyaa.com,1
20260617,www.videosolo.com,1
20260617,com.twitter.android,30
20260617,x.com,8
20260617,sa.investing.com,1
20260617,imasdk.googleapis.com,4
20260618,onelink.to,1
20260618,www.scientificamerican.com,1
20260618,instagram.com,962
20260618,m.facebook.com,58
20260618,apartmenttherapy.com,1
20260618,liquipedia.net,1
20260618,com.twitter.android,22
20260618,achtari24.com,1
20260618,x.com,2
20260618,www.linkedin.com,1
20260618,buyersdrive.com,1
20260618,www.invaluable.com,1
20260618,imasdk.googleapis.com,3
20260618,rollercoin.com,1
20260619,tpc.googlesyndication.com,2
20260619,global-oss-sg.uhgzgnb.com,1
20260619,instagram.com,10
20260619,achtari24.com,1
20260619,imasdk.googleapis.com,5
20260619,www.webempresa.com,1
20260619,allianztravelinsurance.com,1
20260620,imasdk.googleapis.com,2
20260620,www.goat.com,1
20260621,googleads.g.doubleclick.net,2
20260621,hobbs.com,1
20260621,www.xxlmag.com,1
20260621,www.airfarewatchdog.com,1
20260621,imasdk.googleapis.com,2
20260621,takethislollipop.com,1
20260621,www.christianbook.com,1
20260622,instagram.com,125
20260622,m.facebook.com,2
20260622,digitalcameraworld.com,1
20260622,imasdk.googleapis.com,3
20260622,www.onlinedoctranslator.com,1
20260622,alohafind.com,1
20260622,aax.amazon-adsystem.com,1
20260623,instagram.com,667
20260623,m.facebook.com,2
20260623,com.twitter.android,19
20260623,x.com,4
20260623,imasdk.googleapis.com,2
20260623,www.discoveryplus.com,1
20260623,www.webempresa.com,1
20260624,onelink.to,3
20260624,www.dresslink.com,1
20260624,instagram.com,583
20260624,m.facebook.com,8
20260624,www.emyaa.com,1
20260624,com.twitter.android,169
20260624,x.com,5
20260624,global-oss-sg.zmqdez.com,1
20260624,lnkd.in,1
20260624,imasdk.googleapis.com,6
20260625,beduka.com,1
20260625,patrika.com,1
20260625,onelink.to,2
20260625,www.siteground.com,1
20260625,www.statesman.com,1
20260625,www.allbirds.com,1
20260625,instagram.com,426
20260625,facebook.com,7
20260625,m.facebook.com,1815
20260625,com.twitter.android,1186
20260625,x.com,1
20260625,l.facebook.com,3
20260625,global-oss-sg.zmqdez.com,1
20260625,www.petalsearch.com,4
20260625,www.linkedin.com,1
20260625,cpanel.net,1
20260626,onelink.to,1
20260626,global-oss-sg.uhgzgnb.com,1
20260626,www.wattpad.com,1
20260626,instagram.com,458
20260626,facebook.com,3
20260626,m.facebook.com,458
20260626,com.twitter.android,349
20260626,lnkd.in,1
20260626,www.postcrossing.com,1
20260626,shopify.com,1
20260626,imasdk.googleapis.com,1
20260626,cheapoair.com,1
20260626,www.ubergizmo.com,1
20260626,alohafind.com,1
20260627,www.behindthename.com,1
20260627,onelink.to,2
20260627,instagram.com,533
20260627,facebook.com,3
20260627,m.facebook.com,408
20260627,com.twitter.android,1628
20260627,x.com,2
20260627,l.facebook.com,2
20260627,www.petalsearch.com,2
20260627,lnkd.in,2
20260627,www.dailyfx.com,1
20260627,imasdk.googleapis.com,2
20260628,www.ntvspor.net,1
20260628,onelink.to,1
20260628,instagram.com,529
20260628,facebook.com,2
20260628,m.facebook.com,307
20260628,com.twitter.android,1393
20260628,x.com,4
20260628,jouhousaga.com,1
20260628,www.petalsearch.com,1
20260628,imasdk.googleapis.com,1
20260628,www.juksy.com,1
20260628,aax.amazon-adsystem.com,1
20260629,www.weightwatchers.com,1
20260629,onelink.to,1
20260629,www.kktv5.com,1
20260629,remitano.com,1
20260629,instagram.com,492
20260629,facebook.com,7
20260629,m.facebook.com,358
20260629,www.emyaa.com,1
20260629,com.twitter.android,1553
20260629,l.facebook.com,1
20260629,www.petalsearch.com,2
20260629,www.linkedin.com,4
20260629,probioticamerica.com,1
20260629,imasdk.googleapis.com,2
20260630,global-oss-sg.uhgzgnb.com,2
20260630,instagram.com,454
20260630,facebook.com,4
20260630,m.facebook.com,139
20260630,com.twitter.android,1711
20260630,l.facebook.com,1
20260630,www.petalsearch.com,3
20260630,www.linkedin.com,1
20260630,www.fox.com,1
20260630,imasdk.googleapis.com,1
20260630,www.sahadan.com,1
20260701,onelink.to,2
20260701,instagram.com,577
20260701,facebook.com,8
20260701,m.facebook.com,68
20260701,liquipedia.net,1
20260701,t.co,1
20260701,com.twitter.android,1846
20260701,x.com,2
20260701,www.linkedin.com,1
20260701,www.parents.com,1
20260701,imasdk.googleapis.com,2
20260702,www.wellandgood.com,1
20260702,onelink.to,1
20260702,www.bignox.com,1
20260702,instagram.com,199
20260702,m.facebook.com,49
20260702,com.twitter.android,1569
20260702,x.com,3
20260702,www.petalsearch.com,2
20260702,www.linkedin.com,1
20260702,www.amazon.co.jp,1
20260702,imasdk.googleapis.com,3
20260702,www.facebook.com,1
20260702,alohafind.com,1
20260703,com.twitter.android,1619
20260703,x.com,1
20260703,imasdk.googleapis.com,1
20260704,com.twitter.android,951
20260704,x.com,2
20260704,www.petalsearch.com,2
20260704,imasdk.googleapis.com,3
20260705,onelink.to,2
20260705,instagram.com,538
20260705,facebook.com,15
20260705,m.facebook.com,259
20260705,t.co,1
20260705,com.twitter.android,940
20260705,x.com,1
20260705,www.amazon.co.jp,1
20260705,imasdk.googleapis.com,1
20260705,www.facebook.com,1
20260706,onelink.to,6
20260706,www.kompasiana.com,1
20260706,cleantechnica.com,1
20260706,www.scientificamerican.com,1
20260706,instagram.com,876
20260706,facebook.com,2
20260706,m.facebook.com,187
20260706,com.twitter.android,1581
20260706,x.com,2
20260706,www.petalsearch.com,2
20260706,imasdk.googleapis.com,7
20260706,www.radio.com,1
20260706,aax.amazon-adsystem.com,1
20260707,www.skrill.com,1
20260707,onelink.to,2
20260707,instagram.com,837
20260707,facebook.com,1
20260707,m.facebook.com,211
20260707,com.twitter.android,1695
20260707,www.petalsearch.com,2
20260707,www.f-secure.com,1
20260707,imasdk.googleapis.com,9
20260707,islcollective.com,1
20260707,aax.amazon-adsystem.com,1
20260708,intellipaat.com,1
20260708,instagram.com,798
20260708,facebook.com,15
20260708,www.socalgas.com,1
20260708,m.facebook.com,305
20260708,com.twitter.android,1727
20260708,x.com,2
20260708,www.petalsearch.com,4
20260708,imasdk.googleapis.com,13
20260708,www.jilsander.com,1
20260708,www.facebook.com,1
20260708,aax.amazon-adsystem.com,1
20260709,bh.linkedin.com,1
20260709,onelink.to,1
20260709,instagram.com,549
20260709,facebook.com,4
20260709,m.facebook.com,138
20260709,com.twitter.android,2035
20260709,www.petalsearch.com,2
20260709,www.livescience.com,1
20260709,imasdk.googleapis.com,10
20260710,onelink.to,2
20260710,instagram.com,169
20260710,facebook.com,1
20260710,m.facebook.com,16
20260710,com.twitter.android,585
20260710,imasdk.googleapis.com,1
20260711,instagram.com,148
20260711,m.facebook.com,50
20260711,com.twitter.android,1
20260712,onelink.to,2
20260712,instagram.com,186
20260712,facebook.com,2
20260712,m.facebook.com,19
20260712,www.linkedin.com,1
20260713,instagram.com,158
20260713,facebook.com,2
20260713,m.facebook.com,26
20260713,www.emyaa.com,1
20260714,instagram.com,79
20260714,facebook.com,1
20260714,m.facebook.com,27
20260716,l.instagram.com,1
20260717,m.facebook.com,1
20260720,www.emyaa.com,1
20260721,www.emyaa.com,1
20260721,www.linkedin.com,1
20260721,l.instagram.com,2
20260722,instagram.com,1
20260722,l.instagram.com,1
20260724,www.emyaa.com,1
20260728,www.emyaa.com,1
20260728,l.instagram.com,1
20260730,l.instagram.com,3
20260802,l.instagram.com,1
20260803,porpoise-robin-94lt.squarespace.com,1
20260803,www.facebook.com,1
20260805,t.co,362
20260806,onelink.to,1
20260806,t.co,215
20260807,www.emyaa.com,1
20260807,t.co,199
20260808,t.co,248
20260809,www.emyaa.com,1
20260809,t.co,246
20260810,t.co,179
20260811,www.emyaa.com,2
20260811,t.co,207
20260812,t.co,253
20260812,l.instagram.com,1
20260813,onelink.to,1
20260813,www.emyaa.com,1
20260813,t.co,168
20260813,l.instagram.com,2
20260814,t.co,197
20260815,t.co,189
20260815,l.instagram.com,1
20260816,t.co,191
20260817,www.emyaa.com,1
20260817,t.co,213
20260818,onelink.to,1
20260818,t.co,205
20260819,t.co,54
20260820,t.co,11
20260821,www.emyaa.com,1
20260821,t.co,2
20260822,www.emyaa.com,2
20260822,t.co,10
20260823,bit.ly,2
20260823,t.co,1
20260824,t.co,7
20260824,l.instagram.com,1
20260825,onelink.to,1
20260825,t.co,8
20260825,www.linkedin.com,1
20260825,l.instagram.com,2
20260826,com.google.android.gm,3
20260826,t.co,5
20260826,l.facebook.com,1
20260826,app.dito.ph,1
20260826,www.facebook.com,1
20260827,t.co,1
20260827,l.instagram.com,2
20260828,instagram.com,23
20260828,m.facebook.com,47
20260828,www.emyaa.com,2
20260828,t.co,2
20260828,www.facebook.com,8
20260828,l.instagram.com,1
20260829,instagram.com,59
20260829,m.facebook.com,28
20260829,t.co,6
20260829,com.linkedin.android,1
20260829,l.instagram.com,1
20260830,instagram.com,5
20260830,m.facebook.com,366
20260830,t.co,1
20260830,l.facebook.com,84