YYYYMMDD (UTC),Country (ISO),Count
20260520,unknown,22
20260520,AE,2
20260520,AU,2
20260520,BD,12
20260520,BE,1
20260520,BH,130
20260520,BR,5
20260520,CA,16
20260520,CZ,1
20260520,DE,86
20260520,DK,1
20260520,EE,1
20260520,EG,9
20260520,ES,2
20260520,ET,60
20260520,FI,2
20260520,FR,106
20260520,GB,71
20260520,HK,1
20260520,ID,1
20260520,IN,69
20260520,IT,23
20260520,JO,1
20260520,JP,7
20260520,KE,1
20260520,KW,86
20260520,LB,4
20260520,LK,2
20260520,LT,2
20260520,MA,1
20260520,MD,1
20260520,NG,1
20260520,NL,77
20260520,NO,1
20260520,NP,10
20260520,OM,37901
20260520,PH,1
20260520,PK,18
20260520,PL,8
20260520,QA,4
20260520,RS,1
20260520,RU,5
20260520,SA,30950
20260520,SD,1
20260520,SG,115
20260520,SY,3
20260520,TR,2
20260520,TZ,10
20260520,UG,1
20260520,US,209
20260520,VN,1
20260520,YE,1
20260521,unknown,18
20260521,AE,6
20260521,AR,1
20260521,AT,2
20260521,AU,4
20260521,BD,31
20260521,BH,301
20260521,BR,2
20260521,CA,16
20260521,CH,3
20260521,DE,120
20260521,DK,1
20260521,EG,12
20260521,ES,1
20260521,FI,2
20260521,FR,178
20260521,GB,58
20260521,ID,1
20260521,IN,46
20260521,IQ,3
20260521,IT,21
20260521,KW,50
20260521,LB,2
20260521,LT,1
20260521,MD,1
20260521,MY,1
20260521,NL,113
20260521,NP,19
20260521,OM,37441
20260521,PK,20
20260521,PL,14
20260521,PT,1
20260521,RS,1
20260521,RU,1
20260521,SA,50070
20260521,SG,72
20260521,TH,1
20260521,TR,1
20260521,TZ,5
20260521,US,216
20260521,YE,2
20260522,unknown,24
20260522,AE,1
20260522,AT,7
20260522,AU,3
20260522,BD,16
20260522,BE,3
20260522,BH,319
20260522,BR,7
20260522,CA,15
20260522,CH,4
20260522,CY,1
20260522,CZ,2
20260522,DE,111
20260522,EG,7
20260522,ES,2
20260522,FI,6
20260522,FR,223
20260522,GB,52
20260522,HK,3
20260522,IN,40
20260522,IT,36
20260522,JO,2
20260522,KW,120
20260522,MD,1
20260522,NL,147
20260522,NP,17
20260522,OM,28846
20260522,PH,2
20260522,PK,12
20260522,PL,9
20260522,QA,2
20260522,RO,3
20260522,RU,3
20260522,SA,47725
20260522,SG,50
20260522,SS,1
20260522,SY,1
20260522,TR,8
20260522,UG,1
20260522,US,185
20260522,VN,1
20260522,YE,11
20260523,unknown,41
20260523,AE,1
20260523,AU,1
20260523,BD,26
20260523,BE,1
20260523,BH,309
20260523,BR,10
20260523,CA,14
20260523,CH,2
20260523,DE,93
20260523,DK,1
20260523,EG,7
20260523,FI,2
20260523,FR,224
20260523,GB,36
20260523,HK,4
20260523,IN,31
20260523,IQ,1
20260523,IT,38
20260523,JO,3
20260523,KE,1
20260523,KW,77
20260523,LB,2
20260523,LK,1
20260523,LT,5
20260523,MD,2
20260523,NG,2
20260523,NL,104
20260523,NP,1
20260523,OM,25278
20260523,PK,12
20260523,PL,4
20260523,QA,3
20260523,RS,4
20260523,SA,46879
20260523,SG,37
20260523,TR,3
20260523,US,167
20260523,YE,8
20260523,ZA,2
20260524,unknown,32
20260524,AE,4
20260524,AF,1
20260524,AU,1
20260524,BD,16
20260524,BG,1
20260524,BH,109
20260524,BR,1
20260524,CA,20
20260524,CH,4
20260524,DE,109
20260524,DK,1
20260524,EG,9
20260524,ES,1
20260524,FR,330
20260524,GB,27
20260524,IN,34
20260524,IQ,3
20260524,IT,30
20260524,JO,1
20260524,JP,3
20260524,KW,45
20260524,LB,1
20260524,MD,2
20260524,NG,1
20260524,NL,77
20260524,NP,4
20260524,OM,21371
20260524,PK,13
20260524,PL,6
20260524,QA,4
20260524,SA,45340
20260524,SG,55
20260524,TH,1
20260524,TR,4
20260524,UG,1
20260524,US,159
20260524,VN,1
20260524,YE,2
20260525,unknown,27
20260525,AE,5
20260525,AT,2
20260525,AU,2
20260525,AZ,2
20260525,BD,22
20260525,BE,2
20260525,BG,1
20260525,BH,436
20260525,BR,1
20260525,CA,9
20260525,CH,2
20260525,CY,2
20260525,DE,112
20260525,DK,4
20260525,EG,2
20260525,FI,7
20260525,FR,197
20260525,GB,21
20260525,HU,1
20260525,IL,3
20260525,IN,21
20260525,IQ,1
20260525,IT,28
20260525,JO,3
20260525,KW,90
20260525,LB,1
20260525,LK,1
20260525,LT,1
20260525,NG,1
20260525,NL,79
20260525,NP,3
20260525,OM,18478
20260525,PH,1
20260525,PK,7
20260525,PL,7
20260525,RO,2
20260525,SA,36990
20260525,SG,29
20260525,SY,1
20260525,TR,1
20260525,TZ,1
20260525,US,159
20260525,YE,5
20260525,ZA,1
20260526,unknown,32
20260526,AT,2
20260526,AU,8
20260526,BD,18
20260526,BH,93
20260526,BR,1
20260526,CA,5
20260526,CH,1
20260526,DE,101
20260526,DK,1
20260526,EG,9
20260526,ES,1
20260526,ET,5
20260526,FI,1
20260526,FR,222
20260526,GB,31
20260526,HK,1
20260526,IN,37
20260526,IT,25
20260526,JO,1
20260526,KW,63
20260526,MA,2
20260526,NL,119
20260526,OM,20211
20260526,PH,1
20260526,PK,16
20260526,PL,9
20260526,QA,3
20260526,SA,37096
20260526,SG,5
20260526,TR,3
20260526,US,152
20260526,YE,2
20260527,unknown,34
20260527,AU,1
20260527,BD,8
20260527,BH,84
20260527,DE,8
20260527,EG,5
20260527,ES,1
20260527,FR,18
20260527,GB,6
20260527,IN,14
20260527,IQ,2
20260527,IT,6
20260527,JO,3
20260527,KW,72
20260527,NL,4
20260527,NP,1
20260527,OM,1696
20260527,QA,3
20260527,SA,4103
20260527,SG,35
20260527,TN,1
20260527,TR,8
20260527,US,33
20260527,YE,3
20260527,ZA,1
20260528,unknown,30
20260528,AE,1
20260528,BD,16
20260528,BE,1
20260528,BH,84
20260528,CA,1
20260528,CH,1
20260528,DE,5
20260528,DZ,1
20260528,EG,6
20260528,ES,1
20260528,FI,1
20260528,FR,3
20260528,GB,1
20260528,ID,2
20260528,IN,13
20260528,JO,4
20260528,KW,70
20260528,MC,1
20260528,OM,226
20260528,PH,1
20260528,PK,13
20260528,QA,2
20260528,RO,1
20260528,SA,616
20260528,SG,10
20260528,TH,1
20260528,US,17
20260529,unknown,31
20260529,AE,1
20260529,BD,16
20260529,BH,83
20260529,CO,1
20260529,DE,4
20260529,DZ,1
20260529,EG,11
20260529,FI,2
20260529,FR,4
20260529,GB,3
20260529,ID,1
20260529,IN,19
20260529,IQ,1
20260529,IT,1
20260529,JO,1
20260529,KW,86
20260529,NG,1
20260529,OM,229
20260529,PH,1
20260529,PL,1
20260529,QA,1
20260529,SA,660
20260529,SG,1
20260529,TR,2
20260529,US,9
20260529,VN,1
20260529,YE,2
20260530,unknown,19
20260530,BD,18
20260530,BH,90
20260530,CH,2
20260530,DE,6
20260530,EG,15
20260530,ES,1
20260530,FR,6
20260530,GB,3
20260530,IN,33
20260530,IT,4
20260530,JO,2
20260530,JP,1
20260530,KW,74
20260530,NL,6
20260530,NO,1
20260530,OM,238
20260530,PK,4
20260530,SA,988
20260530,SG,1
20260530,US,22
20260530,YE,2
20260531,unknown,36
20260531,AE,3
20260531,AT,2
20260531,AU,6
20260531,AZ,2
20260531,BD,52
20260531,BE,1
20260531,BH,1087
20260531,BR,1
20260531,CA,16
20260531,CH,12
20260531,CY,2
20260531,CZ,3
20260531,DE,319
20260531,EG,12
20260531,ES,5
20260531,ET,1
20260531,FI,8
20260531,FR,591
20260531,GB,110
20260531,HK,4
20260531,ID,1
20260531,IN,88
20260531,IT,73
20260531,JO,4
20260531,JP,5
20260531,KW,81
20260531,LT,2
20260531,NL,251
20260531,NP,2
20260531,NZ,1
20260531,OM,49872
20260531,PH,3
20260531,PK,37
20260531,PL,29
20260531,QA,11
20260531,RO,2
20260531,SA,166185
20260531,SG,93
20260531,SY,1
20260531,TN,2
20260531,TZ,3
20260531,US,379
20260531,YE,4
20260601,unknown,20
20260601,AE,3
20260601,AT,6
20260601,BD,23
20260601,BE,2
20260601,BH,258
20260601,CA,12
20260601,CH,2
20260601,CZ,1
20260601,DE,89
20260601,EG,2
20260601,ES,1
20260601,FI,3
20260601,FR,133
20260601,GB,13
20260601,IE,2
20260601,IN,38
20260601,IT,17
20260601,JO,1
20260601,KW,39
20260601,LB,1
20260601,LK,2
20260601,LT,1
20260601,MY,1
20260601,NL,65
20260601,NP,9
20260601,NZ,1
20260601,OM,10415
20260601,PK,7
20260601,PL,7
20260601,QA,1
20260601,RO,1
20260601,RW,1
20260601,SA,37674
20260601,SE,1
20260601,SG,20
20260601,TZ,1
20260601,US,124
20260601,YE,1
20260602,BH,3
20260602,CA,2
20260602,IE,6
20260602,JO,1
20260602,OM,12
20260602,PH,1
20260602,PK,1
20260602,SA,34
20260602,SG,1
20260602,US,5
20260603,unknown,1
20260603,BH,2
20260603,CO,1
20260603,OM,1
20260603,SA,20
20260603,SG,3
20260603,TZ,1
20260603,US,17
20260603,VN,1
20260604,BH,1
20260604,DE,2
20260604,FR,1
20260604,IN,2
20260604,KE,1
20260604,SA,245
20260604,TZ,1
20260604,US,6
20260605,BE,1
20260605,CA,1
20260605,CH,1
20260605,FR,4
20260605,KW,2
20260605,SA,437
20260605,SG,1
20260605,US,13
20260606,BH,1
20260606,CH,1
20260606,EG,1
20260606,IT,1
20260606,JP,1
20260606,SA,416
20260606,US,5
20260607,AE,1
20260607,BE,2
20260607,BH,1
20260607,FR,1
20260607,MY,1
20260607,NL,1
20260607,SA,508
20260607,SG,2
20260607,US,14
20260608,BH,5
20260608,CH,1
20260608,DE,1
20260608,IT,1
20260608,KW,1
20260608,NL,1
20260608,SA,551
20260608,US,12
20260609,unknown,9
20260609,AE,14
20260609,BD,15
20260609,BH,79
20260609,BI,2
20260609,BR,2
20260609,DE,4
20260609,EG,5
20260609,FI,2
20260609,FR,4
20260609,GB,4
20260609,IN,10
20260609,IT,1
20260609,NL,1
20260609,PH,6
20260609,PK,3
20260609,QA,34
20260609,SA,878
20260609,SY,2
20260609,US,33
20260609,YE,2
20260610,unknown,9
20260610,AE,42
20260610,AU,1
20260610,BA,2
20260610,BD,3
20260610,BH,149
20260610,DE,1
20260610,EG,13
20260610,ES,1
20260610,FR,3
20260610,GB,4
20260610,IN,16
20260610,IT,2
20260610,JO,2
20260610,JP,2
20260610,KW,2
20260610,MY,1
20260610,NP,1
20260610,OM,2
20260610,PK,2
20260610,QA,35
20260610,SA,1002
20260610,TR,1
20260610,US,13
20260610,YE,2
20260611,unknown,88
20260611,AE,277
20260611,AT,1
20260611,BD,30
20260611,BH,207
20260611,CA,2
20260611,DE,22
20260611,EG,30
20260611,FR,12
20260611,GB,7
20260611,ID,1
20260611,IN,34
20260611,IQ,1
20260611,IT,6
20260611,JO,4
20260611,KE,1
20260611,KW,108
20260611,LB,1
20260611,LK,2
20260611,MA,2
20260611,MY,1
20260611,NL,15
20260611,NP,3
20260611,OM,84
20260611,PH,13
20260611,PK,17
20260611,PL,1
20260611,QA,108
20260611,SA,2029
20260611,SG,9
20260611,SY,1
20260611,TN,1
20260611,TR,2
20260611,UA,1
20260611,US,26
20260611,YE,3
20260612,unknown,35
20260612,AE,116
20260612,BD,48
20260612,BH,257
20260612,BR,1
20260612,CH,1
20260612,DE,9
20260612,EG,22
20260612,ES,1
20260612,FI,2
20260612,FR,10
20260612,GB,10
20260612,ID,1
20260612,IN,32
20260612,IT,14
20260612,JO,4
20260612,JP,1
20260612,KE,1
20260612,KW,12
20260612,KZ,1
20260612,LK,2
20260612,NL,2
20260612,NO,1
20260612,NP,4
20260612,OM,202
20260612,PH,12
20260612,PK,15
20260612,QA,74
20260612,RO,2
20260612,SA,1331
20260612,SG,3
20260612,SY,2
20260612,TH,1
20260612,TR,2
20260612,US,23
20260612,YE,4
20260613,unknown,9
20260613,AE,39
20260613,BH,397
20260613,BR,2
20260613,CN,1
20260613,DE,6
20260613,EG,7
20260613,FR,2
20260613,GB,5
20260613,GE,1
20260613,ID,1
20260613,IN,17
20260613,IT,1
20260613,JO,2
20260613,KR,1
20260613,KW,28
20260613,LB,2
20260613,NL,3
20260613,NZ,1
20260613,OM,960
20260613,PH,1
20260613,PK,2
20260613,QA,54
20260613,SA,845
20260613,SY,2
20260613,TH,1
20260613,TR,2
20260613,US,28
20260614,unknown,6
20260614,AE,34
20260614,AZ,3
20260614,BH,380
20260614,BR,1
20260614,CA,3
20260614,CH,1
20260614,DE,8
20260614,EG,17
20260614,ES,2
20260614,FR,7
20260614,GB,10
20260614,HK,2
20260614,ID,1
20260614,IN,27
20260614,IT,5
20260614,JO,2
20260614,JP,4
20260614,KW,21
20260614,LB,3
20260614,MW,3
20260614,MX,2
20260614,MY,1
20260614,OM,1414
20260614,PH,1
20260614,PK,1
20260614,QA,39
20260614,SA,1222
20260614,SG,1
20260614,SY,1
20260614,TW,1
20260614,US,40
20260614,UZ,2
20260614,YE,1
20260615,unknown,14
20260615,AE,48
20260615,AU,1
20260615,AZ,1
20260615,BA,1
20260615,BH,360
20260615,CH,1
20260615,DE,4
20260615,EG,6
20260615,ES,3
20260615,FR,5
20260615,GB,6
20260615,GE,1
20260615,ID,1
20260615,IN,44
20260615,IT,2
20260615,JO,1
20260615,JP,1
20260615,KW,12
20260615,LB,2
20260615,MA,1
20260615,MX,1
20260615,MY,2
20260615,NL,4
20260615,OM,1306
20260615,PK,1
20260615,QA,50
20260615,SA,1194
20260615,SY,2
20260615,TH,1
20260615,TR,2
20260615,US,35
20260615,YE,1
20260616,unknown,10
20260616,AE,67
20260616,BE,1
20260616,BH,484
20260616,CA,4
20260616,CH,3
20260616,CO,1
20260616,DE,9
20260616,EG,8
20260616,ES,1
20260616,FR,1
20260616,GB,10
20260616,ID,6
20260616,IN,42
20260616,IT,1
20260616,JO,4
20260616,JP,6
20260616,KW,22
20260616,LB,1
20260616,MA,1
20260616,MC,1
20260616,MY,1
20260616,NL,1
20260616,OM,1125
20260616,PH,2
20260616,PK,6
20260616,QA,64
20260616,SA,1114
20260616,SG,4
20260616,SY,1
20260616,TH,2
20260616,TR,5
20260616,US,26
20260616,UZ,1
20260616,YE,2
20260617,unknown,8
20260617,AE,28
20260617,BE,1
20260617,BH,260
20260617,CH,2
20260617,EG,6
20260617,ES,2
20260617,FR,1
20260617,GB,1
20260617,ID,2
20260617,IN,23
20260617,IQ,1
20260617,IT,1
20260617,JO,1
20260617,KW,16
20260617,LB,1
20260617,LK,1
20260617,MA,2
20260617,MY,4
20260617,NL,1
20260617,OM,691
20260617,PH,1
20260617,PS,1
20260617,QA,21
20260617,SA,607
20260617,SG,1
20260617,SY,1
20260617,TH,1
20260617,TR,5
20260617,US,12