YYYYMMDD (UTC),Total,iPhone,iPad,Android,Huawei,Fallback
20260511,0,2,0,0,0,0
20260512,0,10,0,3,0,0
20260513,0,2,0,4,0,0
20260514,0,2,0,0,0,0
20260515,0,3,0,0,0,0
20260516,0,1,0,0,0,0
20260517,0,0,0,0,0,0
20260518,0,4,0,0,0,0
20260519,0,276,19,184,0,0
20260520,0,576,24,68456,0,0
20260521,0,639,32,86068,0,0
20260522,0,720,37,75183,0,0
20260523,0,721,28,70507,0,0
20260524,0,584,24,65093,0,0
20260525,0,607,13,54695,0,0
20260526,0,554,18,56374,0,0
20260527,0,520,22,5444,0,0
20260528,0,446,12,648,0,0
20260529,0,530,16,616,0,0
20260530,0,567,23,893,0,0
20260531,0,792,17,215034,0,0
20260601,0,371,12,47797,0,0
20260602,0,25,1,33,0,0
20260603,0,13,2,8,0,0
20260604,0,234,2,16,0,0
20260605,0,408,6,33,0,0
20260606,0,351,2,68,0,0
20260607,0,434,5,74,0,0
20260608,0,486,4,73,0,0
20260609,0,472,15,604,0,0
20260610,0,850,13,435,0,0
20260611,0,1198,12,1911,0,0
20260612,0,830,18,1383,0,0
20260613,0,1976,12,395,0,0
20260614,0,2717,41,468,0,0
20260615,0,2588,23,481,0,0
20260616,0,2583,27,398,0,0
20260617,0,1424,17,248,0,0