YYYYMMDD (UTC),Total,iPhone,iPad,Android,Huawei,Other
20260511,6,2,0,0,0,4
20260512,26,10,0,3,0,13
20260513,19,2,0,4,0,13
20260514,3,2,0,0,0,1
20260515,3,3,0,0,0,0
20260516,1,1,0,0,0,0
20260517,0,0,0,0,0,0
20260518,68,4,0,0,0,64
20260519,542,276,19,184,0,63
20260520,70349,576,24,68456,1254,39
20260521,88859,639,32,86068,2069,51
20260522,78029,720,37,75183,2016,73
20260523,73437,721,28,70507,2097,84
20260524,67824,584,24,65093,2067,56
20260525,56771,607,13,54695,1403,53
20260526,58277,554,18,56374,1277,54
20260527,6150,520,22,5444,121,43
20260528,1129,446,12,648,6,17
20260529,1174,530,16,616,8,4
20260530,1536,567,23,893,6,47
20260531,219402,792,17,215034,3522,37
20260601,48998,371,12,47797,785,33
20260602,66,25,1,33,0,7
20260603,47,13,2,8,1,23
20260604,259,234,2,16,0,7
20260605,460,408,6,33,0,13
20260606,426,351,2,68,0,5
20260607,531,434,5,74,0,18
20260608,573,486,4,73,0,10
20260609,1110,472,15,604,6,13
20260610,1311,850,13,435,3,10
20260611,3150,1198,12,1911,13,16
20260612,2258,830,18,1383,16,11
20260613,2420,1976,12,395,12,25
20260614,3266,2717,41,468,6,34
20260615,3114,2588,23,481,5,17
20260616,3037,2583,27,398,5,24
20260617,3437,2886,22,501,11,17
20260618,1898,1489,24,360,1,24
20260619,248,93,13,132,1,9
20260620,208,79,11,109,0,9
20260621,254,100,7,132,0,15
20260622,369,212,7,134,2,14
20260623,1432,1149,6,262,3,12
20260624,1727,1291,18,404,2,12
20260625,3921,638,10,3242,7,24
20260626,1641,621,8,995,8,9
20260627,3098,742,8,2301,12,35
20260628,2809,786,12,1972,6,33
20260629,2947,667,11,2230,8,31
20260630,2912,670,21,2177,3,41
20260701,3104,818,12,2233,0,41
20260702,2246,377,5,1814,3,47
20260703,1982,126,4,1815,1,36
20260704,1206,89,8,1068,0,41
20260705,2439,794,20,1568,6,51
20260706,3465,1194,11,2184,6,70
20260707,3457,1088,13,2274,8,74
20260708,3616,1083,18,2424,13,78
20260709,3300,749,1,2480,2,68
20260710,914,218,7,648,1,40
20260711,302,197,2,84,0,19
20260712,340,234,0,87,0,19
20260713,315,199,2,97,0,17
20260714,227,104,0,101,1,21
20260715,64,8,5,26,0,25
20260716,42,8,0,15,0,19
20260717,138,4,2,19,0,113
20260718,114,3,0,24,0,87
20260719,143,5,2,30,0,106
20260720,68,6,0,24,0,38
20260721,71,5,2,24,0,40
20260722,62,3,0,20,0,39
20260723,38,4,1,27,0,6
20260724,39,3,3,20,0,13
20260725,25,0,0,17,0,8
20260726,27,1,1,21,0,4
20260727,23,2,0,20,0,1
20260728,37,7,2,27,0,1
20260729,26,3,0,23,0,0
20260730,24,3,2,19,0,0
20260731,37,4,0,28,0,5
20260801,33,2,1,28,0,2
20260802,31,2,0,24,0,5
20260803,44,2,0,39,0,3
20260804,26,0,0,24,0,2
20260805,476,1,0,34,0,441
20260806,320,6,0,27,0,287
20260807,294,4,0,25,0,265
20260808,304,2,0,11,0,291
20260809,345,1,0,21,0,323
20260810,273,0,0,29,0,244
20260811,318,1,0,35,0,282
20260812,344,3,0,17,0,324
20260813,246,5,0,11,0,230
20260814,221,4,0,14,0,203
20260815,213,2,0,20,0,191
20260816,212,2,1,14,0,195
20260817,237,1,0,13,0,223
20260818,220,0,1,7,0,212
20260819,80,0,0,21,0,59
20260820,39,2,1,23,0,13
20260821,34,3,1,22,0,8
20260822,32,5,0,14,0,13
20260823,36,0,0,22,0,14
20260824,39,3,2,15,0,19
20260825,60,2,1,40,0,17
20260826,32,0,0,18,0,14
20260827,40,1,4,26,0,9
20260828,170,28,1,124,0,17
20260829,254,0,2,239,2,11
20260830,568,4,1,551,7,5