id,source_slide,displayed_figure,metric,numerator,denominator,comparison_period,recalculated,rounding_check,wording_check,source,status,correction_required
P01,6,793%,"Active users, week over week",384 (21-27 Sep),"~43 (14-20 Sep, implied; not visible)",Last 7 days vs previous 7 days,793.0% if prior = 43,OK only if prior = 43,"Overstated: slide says ""Following the Saudi test launch"". GA card covers all sources and all countries; the Saudi figure on the screenshot is the realtime 30-minute panel (7 users), not the 7-day total. Paid testing began 22 Sep, inside the window, but attribution is not shown.",GA home card screenshot (Enhanced slide 6 image),Unverified,"Label ""Reported increase; source calculation pending verification"". Show prior-period value from a GA export. Drop causal wording."
P02,screenshot only,741.9%,"Event count, week over week",2.5K (rounded),~297 (implied),Last 7 days vs previous 7 days,Cannot recalculate (2.5K is rounded),n/a,"Not shown in deck. Note: the line chart on the screenshot plots Event count, not Active users.",GA home card screenshot,Unverified,Do not use without export.
P03,"2, 3, 6",69.7%,Share of website sessions from Paid (Google Ads),409 (derived),587 sessions,Since 22 Sep (end date not stated),69.68%,OK,"""Already 69.7% of website traffic"" is fair only for the post-launch window. LinkedIn paid traffic is not split out.",Enhanced deck; no GA export supplied,Unverified,"Keep only as ""reported""; add date range end; supply GA source/medium export."
P04,6,15.7%,"Share of sessions, Direct",92 (derived),587,Since 22 Sep,15.67%,OK,None,Enhanced deck,Unverified,Needs GA export.
P05,6,6.6%,"Share of sessions, Organic search",39 (derived),587,Since 22 Sep,6.64%,OK,None,Enhanced deck,Unverified,Needs GA export.
P06,6,6.6%,"Share of sessions, Referral",39 (derived),587,Since 22 Sep,6.64%,OK,None,Enhanced deck,Unverified,Needs GA export.
P07,6,98.6%,Top four sources as share of sessions,579,587,Since 22 Sep,98.64%,OK,None,Enhanced deck,Verified (arithmetic),None. Underlying counts still need export.
P08,7,54.5%,English share of ad sessions,212,388 (EN+AR) or 389,Since 23 Sep,54.64% on 388; 54.50% on 389,Displayed pair sums to 99.7%,Denominator not stated; displayed value only matches a 389 total (1 session outside EN/AR).,Enhanced deck,Unverified,"Show counts (212 vs 176) and drop the share, or state the denominator."
P09,7,45.2%,Arabic share of ad sessions,176,388 or 389,Since 23 Sep,45.36% on 388; 45.24% on 389,See P08,See P08,Enhanced deck,Unverified,As P08.
P10,7,54.3%,English share of active users,208,383,Since 23 Sep,54.31%,OK,None,Enhanced deck,Verified (arithmetic),Source export still needed.
P11,7,45.7%,Arabic share of active users,175,383,Since 23 Sep,45.69%,OK,None,Enhanced deck,Verified (arithmetic),Source export still needed.
P12,7,57.4%,English share of engaged sessions,206,359,Since 23 Sep,57.38%,OK,None,Enhanced deck,Verified (arithmetic),Source export still needed.
P13,7,42.6%,Arabic share of engaged sessions,153,359,Since 23 Sep,42.62%,OK,None,Enhanced deck,Verified (arithmetic),Source export still needed.
P14,"2, 3, 7","97.17% (97.2%, 97%)",English engagement rate,206 engaged sessions,212 sessions,Since 23 Sep,97.17%,OK,"""Leads on every metric"" is accurate for the six metrics shown. Early data; may reflect creative, not audience.",Enhanced deck,Verified (arithmetic),"Keep with ""since 23 Sep"". Note launch date is 22 Sep: explain 1-day offset."
P15,"2, 3, 7","86.93% (86.9%, 87%)",Arabic engagement rate,153,176,Since 23 Sep,86.93%,OK,As P14,Enhanced deck,Verified (arithmetic),As P14.
P16,new,10.2 pts,EN minus AR engagement rate,97.17%,86.93%,Since 23 Sep,10.24 percentage points,OK,"Use ""points"", not ""%"".","Derived from P14, P15",Verified (arithmetic),n/a
P17,2,"+6,075%",LinkedIn follower growth,531 - 284 = 247,284,Last 30 days,86.97% (follower growth),n/a,"Wrong as worded. +6,075% only works as 247 new followers vs 4 in the prior 30 days, i.e. growth in new-follower adds, not in followers.",Enhanced deck slide 2 and slide 4 chart,Incorrect,"Replace with ""+247 followers in 30 days (+87%)"", still unverified until export. Also resolve 586 to 531 drop on slide 8."
P18,4,+118%,LinkedIn impressions,559,~256 (implied),13-27 Sep vs prior period,118.4% if prior = 256,OK if prior = 256,"Slide 2 calls this ""double digits""; it is triple digits.",Enhanced deck; no LinkedIn export,Unverified,"Supply export; fix ""double digits"" wording."
P19,4,+155%,LinkedIn reactions,28,11 (implied),13-27 Sep vs prior period,154.5%,OK (154.5% rounds to 155%),As P18,Enhanced deck; no LinkedIn export,Unverified,Supply export.
P20,"2, 4",73.3% / 25.9% / 0.7%,Instagram share of views by format (Reels / Stories / Posts),n/a,"2,271,132 views","Labelled ""all-time""",Sum 99.9%,OK (rounding),"Period label conflicts with evidence: one reel (Musheera) shows 5.3M views, more than the 2.27M ""all-time"" total. The export likely covers a limited period.",Enhanced deck; no IG export,Unverified,Confirm export date range and relabel.
P21,"2, 4",89.5% / 3.8% / 6.8%,Instagram share of interactions by format,n/a,"8,311 interactions","Labelled ""all-time""",Sum 100.1%,OK (rounding),As P20,Enhanced deck; no IG export,Unverified,As P20.
P22,new,+15.9%,App downloads vs prior pull,480 - 414 = 66,414,"""Prior pull"", dates not stated",15.94%,n/a,Not shown in Enhanced deck; only usable once both pull dates are known.,Enhanced deck slide 3,Unverified,Do not publish until pull dates are known.
