week,week_ending,clients,potential_not_onboarded,funding_gap,reached,no_answer,stage_other,stage_not_logged,completed,closed,waiting,status_not_logged,closed_spam,closed_not_interested,with_owner_or_due_date,with_funding_value
Week1,2026-08-06,35,35,0,13,22,0,0,2,24,3,6,22,3,0,0
Week2,2026-08-13,35,35,0,7,28,0,0,3,3,0,29,29,3,0,0
Week3,2026-08-20,5,5,0,5,0,0,0,3,0,0,2,0,0,0,0
Week4,2026-08-27,4,4,0,2,0,2,0,1,2,1,0,0,1,0,0
Week5,2026-09-03,8,8,0,8,0,0,0,2,0,4,2,0,0,0,0
Week6,2026-09-10,0,0,0,0,0,0,0,0,0,0,0,0,0,0,0
Week7,2026-09-17,6,6,0,3,3,0,0,3,0,0,3,0,0,0,0
Week8,2026-09-24,9,5,4,7,2,0,0,0,1,0,8,1,0,0,0
Week9,2026-10-01,12,12,0,5,0,0,7,0,0,0,12,0,0,0,0
