file,page,report_date,period,android,ios,onboarded,deposited,trades,money,money_label
eMYAA_-_Daily_Performance_Dashboard-copy-01.p,1,27 Sep 2026,All Time,259,214,60,15,54,10029.69,AUM
eMYAA_-_Daily_Performance_Dashboard-copy-01.p,2,24 Sep 2026,All Time,258,197,57,15,51,10029.69,AUM
eMYAA_-_Daily_Performance_Dashboard-copy-01.p,3,23 Sep 2026,All Time,258,196,57,15,51,10029.69,AUM
eMYAA_-_Daily_Performance_Dashboard-copy-01.p,4,22 Sep 2026,All Time,257,195,57,14,50,10029.69,AUM
eMYAA_-_Daily_Performance_Dashboard-copy-01.p,5,21 Sep 2026,All Time,242,195,57,13,49,10029.69,AUM
eMYAA_-_Daily_Performance_Dashboard-copy-01.p,6,20 Sep 2026,All Time,242,195,57,13,49,10029.69,AUM
eMYAA_-_Daily_Performance_Dashboard-copy-01.p,7,17 Sep 2026,All Time,241,191,54,13,49,10029.69,Deposits
eMYAA_-_Daily_Performance_Dashboard-copy-01.p,8,16 Sep 2026,All Time,241,189,53,12,47,8529.69,Deposits
eMYAA_-_Daily_Performance_Dashboard-copy-01.p,9,14 Sep 2026,All Time,237,186,52,12,47,8529.69,Deposits
eMYAA_-_Daily_Performance_Dashboard-copy-01.p,10,13 Sep 2026,All Time,234,185,52,12,47,8529.69,Deposits
eMYAA_-_Daily_Performance_Dashboard-copy-01.p,11,10 Sep 2026,All Time,233,181,51,12,47,8529.69,Deposits
eMYAA_-_Daily_Performance_Dashboard-copy-01.p,12,9 Sep 2026,All Time,230,180,50,12,47,8529.69,Deposits
eMYAA_-_Daily_Performance_Dashboard-copy-01.p,13,8 Sep 2026,All Time,226,177,49,12,46,8529.69,Deposits
eMYAA_-_Daily_Performance_Dashboard-copy-01.p,14,3 Sep 2026,All Time,225,170,49,12,46,8529.69,Deposits
eMYAA_-_Daily_Performance_Dashboard-copy-01.p,15,2 Sep 2026,All Time,220,169,49,12,46,8337.41,Deposits
eMYAA_-_Daily_Performance_Dashboard-copy-01.p,16,1 Sep 2026,All Time,208,165,48,12,46,8337.41,Deposits
eMYAA_-_Daily_Performance_Dashboard-copy-01.p,17,31 Aug 2026,All Time,197,165,47,12,45,8337.41,Deposits
eMYAA_-_Daily_Performance_Dashboard-copy-01.p,18,30 Aug 2026,All Time,194,165,47,12,45,8467.96,Deposits
eMYAA_-_Daily_Performance_Dashboard-copy-01.p,19,27 Aug 2026,All Time,190,162,41,12,40,8935.77,Deposits
eMYAA_-_Daily_Performance_Dashboard-copy-01.p,20,26 Aug 2026,All Time,190,160,41,10,39,8586.53,Deposits
eMYAA_-_Daily_Performance_Dashboard-copy-01.p,21,24 Aug 2026,All Time,189,158,40,10,37,8586.53,Deposits
eMYAA_-_Daily_Performance_Dashboard-copy-01.p,22,23 Aug 2026,All Time,189,156,40,10,37,8321.93,Deposits
eMYAA_-_Daily_Performance_Dashboard-copy-01.p,23,20 Aug 2026,All Time,189,149,38,10,37,8321.93,Deposits
eMYAA_-_Daily_Performance_Dashboard-copy-01.p,24,19 Aug 2026,All Time,188,149,38,10,37,8321.93,Deposits
eMYAA_-_Daily_Performance_Dashboard-copy-01.p,25,18 Aug 2026,All Time,188,149,38,10,37,8321.93,Deposits
eMYAA_-_Daily_Performance_Dashboard-copy-01.p,26,17 Aug 2026,All Time,188,148,37,10,36,7821.93,Deposits
eMYAA_-_Daily_Performance_Dashboard-copy-01.p,27,16 Aug 2026,All Time,188,146,37,10,36,7821.93,Deposits
eMYAA_-_Daily_Performance_Dashboard-copy-01.p,28,13 Aug 2026,All Time,181,142,37,10,36,7821.93,Deposits
eMYAA_-_Daily_Performance_Dashboard-copy-01.p,29,12 Aug 2026,All Time,181,138,36,10,36,8659.21,Deposits
eMYAA_-_Daily_Performance_Dashboard-copy-01.p,30,11 Aug 2026,All Time,181,110,36,9,35,8579.83,Deposits
eMYAA_-_Daily_Performance_Dashboard-copy-01.p,31,10 Aug 2026,All Time,181,106,35,9,30,8526.91,Deposits
eMYAA_-_Daily_Performance_Dashboard-copy-01.p,32,9 Aug 2026,All Time,179,106,34,9,30,8526.91,Deposits
eMYAA_-_Daily_Performance_Dashboard-copy-01.p,33,6 Aug 2026,All Time,178,106,34,9,30,8526.91,Deposits
eMYAA_-_Daily_Performance_Dashboard-copy-01.p,34,5 Aug 2026,All Time,178,106,34,9,30,8526.91,Deposits
eMYAA_-_Daily_Performance_Dashboard-copy-01.p,35,4 Aug 2026,All Time,178,106,34,9,30,8526.91,Deposits
eMYAA_-_Daily_Performance_Dashboard-copy-01.p,36,2 Aug 2026,All Time,178,106,33,9,30,8526.91,Deposits
eMYAA_-_Daily_Performance_Dashboard-copy-01.p,37,30 Jul 2026,14 May 2026 - 29  Jul 2026,177,99,32,8,21,4681.06,Deposits
eMYAA_-_Daily_Performance_Dashboard-copy-01.p,38,29 Jul 2026,14 May 2026 - 28  Jul 2026,177,99,31,8,21,4681.06,Deposits
eMYAA_-_Daily_Performance_Dashboard-copy-01.p,39,28 Jul 2026,14 May 2026 - 27  Jul 2026,177,99,26,8,21,4681.06,Deposits
eMYAA_-_Daily_Performance_Dashboard-copy-01.p,40,19 Jul 2026,14 May 2026 - 18 Jul 2026,172,89,24,7,21,4284.18,Deposits
eMYAA_-_Daily_Performance_Dashboard-copy-01.p,41,12 Jul 2026,14 May 2026 - 11 Jul 2026,154,85,23,6,21,4284.18,Deposits
eMYAA_-_Daily_Performance_Dashboard-copy-01.p,42,05 Jul 2026,14 May 2026 - 04 Jul 2026,136,82,22,6,18,4235.83,Deposits
eMYAA_-_Daily_Performance_Dashboard-copy-01.p,43,29 Jun 2026,14 May 2026 - 28 Jun 2026,136,77,19,6,17,3696.71,Deposits
eMYAA_-_Daily_Performance_Dashboard-copy-01.p,44,23 Jun 2026,14 May 2026 - 22 Jun 2026,130,76,15,3,9,2088.57,Deposits
eMYAA_-_Daily_Performance_Dashboard-copy-01.p,45,22 Jun 2026,14 May 2026 - 21 Jun 2026,130,75,14,3,9,2088.57,Deposits
eMYAA_-_Daily_Performance_Dashboard-copy-01.p,46,21 Jun 2026,14 May 2026 - 20 Jun  2026,130,74,14,3,9,2088.57,Deposits
eMYAA_-_Daily_Performance_Dashboard-copy-01.p,47,18 Jun 2026,14 May 2026 - 17 Jun  2026,123,71,13,3,9,2088.57,Deposits
eMYAA_-_Daily_Performance_Dashboard-copy-01.p,48,17 Jun 2026,14 May 2026 - 16 Jun  2026,122,71,12,3,9,2088.57,Deposits
eMYAA_-_Daily_Performance_Dashboard-copy-01.p,49,15 Jun 2026,14 May 2026 - 14 Jun  2026,121,68,11,3,9,2088.57,Deposits
eMYAA_-_Daily_Performance_Dashboard-copy-01.p,50,14 Jun 2026,14 May 2026 - 13 Jun  2026,114,68,11,3,9,2088.57,Deposits
eMYAA_-_Daily_Performance_Dashboard-copy-01.p,51,10 Jun 2026,14 May 2026 - 09 Jun  2026,110,63,8,3,8,2088.57,Deposits
eMYAA_-_Daily_Performance_Dashboard-copy-01.p,52,04 Jun 2026,14 May 2026 - 03 Jun  2026,107,53,6,2,4,1609.40,Deposits
eMYAA_-_Daily_Performance_Dashboard-copy-01.p,53,01 Jun 2026,31 May  2026,107,53,6,2,4,1609.40,Deposits
eMYAA_-_Daily_Performance_Dashboard-copy-01.p,54,26 May 2026,25 May  2026,51,50,1,1,0,66.15,Deposits
eMYAA_-_Daily_Performance_Dashboard-copy-01.p,55,25 May 2026,24 May  2026,50,50,0,0,0,0,Deposits
eMYAA_-_Daily_Performance_Dashboard-copy-01.p,56,24 May 2026,21 May 2026 – 23 May 2026,32,49,0,0,0,0,Deposits
eMYAA_-_Daily_Performance_Dashboard-copy-01.p,57,21 May 2026,20 May 2026,15,44,0,0,0,0,Deposits
eMYAA_-_Daily_Performance_Dashboard-copy-01.p,58,20 May 2026,12 May 2026 - 19 May 2026,15,42,4,1,0,0.99,Deposits
eMYAA_-_Daily_Performance_Dashboard.pdf,1,14 Jun 2026,14 May 2026 - 13 Jun  2026,114,68,11,3,9,2088.57,Deposits
eMYAA_-_Daily_Performance_Dashboard.pdf,2,10 Jun 2026,14 May 2026 - 09 Jun  2026,110,63,8,3,8,2088.57,Deposits
eMYAA_-_Daily_Performance_Dashboard.pdf,3,04 Jun 2026,14 May 2026 - 03 Jun  2026,107,53,6,2,4,1609.40,Deposits
eMYAA_-_Daily_Performance_Dashboard.pdf,4,01 Jun 2026,31 May  2026,107,53,6,2,4,1609.40,Deposits
eMYAA_-_Daily_Performance_Dashboard.pdf,5,26 May 2026,25 May  2026,51,50,1,1,0,66.15,Deposits
eMYAA_-_Daily_Performance_Dashboard.pdf,6,25 May 2026,24 May  2026,50,50,0,0,0,0,Deposits
eMYAA_-_Daily_Performance_Dashboard.pdf,7,24 May 2026,21 May 2026 – 23 May 2026,32,49,0,0,0,0,Deposits
eMYAA_-_Daily_Performance_Dashboard.pdf,8,21 May 2026,20 May 2026,15,44,0,0,0,0,Deposits
eMYAA_-_Daily_Performance_Dashboard.pdf,9,20 May 2026,12 May 2026 - 19 May 2026,15,42,4,1,0,0.99,Deposits
eMYAA_-_Daily_Performance_Dashboard_6.17.2026,1,17 Jun 2026,14 May 2026 - 16 Jun  2026,122,71,12,3,9,2088.57,Deposits
eMYAA_-_Daily_Performance_Dashboard_7.5.2026.,1,05 Jul 2026,14 May 2026 - 04 Jul 2026,136,82,22,6,18,4235.83,Deposits
eMYAA_-_Daily_Performance_Dashboard_7.5.2026.,2,29 Jun 2026,14 May 2026 - 28 Jun 2026,136,77,19,6,17,3696.71,Deposits
eMYAA_-_Daily_Performance_Dashboard_7.5.2026.,3,23 Jun 2026,14 May 2026 - 22 Jun 2026,130,76,15,3,9,2088.57,Deposits
eMYAA_-_Daily_Performance_Dashboard_7.5.2026.,4,22 Jun 2026,14 May 2026 - 21 Jun 2026,130,75,14,3,9,2088.57,Deposits
eMYAA_-_Daily_Performance_Dashboard_7.5.2026.,5,21 Jun 2026,14 May 2026 - 20 Jun  2026,130,74,14,3,9,2088.57,Deposits
eMYAA_-_Daily_Performance_Dashboard_7.5.2026.,6,18 Jun 2026,14 May 2026 - 17 Jun  2026,123,71,13,3,9,2088.57,Deposits
eMYAA_-_Daily_Performance_Dashboard_7.5.2026.,7,17 Jun 2026,14 May 2026 - 16 Jun  2026,122,71,12,3,9,2088.57,Deposits
eMYAA_-_Daily_Performance_Dashboard_7.5.2026.,8,15 Jun 2026,14 May 2026 - 14 Jun  2026,121,68,11,3,9,2088.57,Deposits
eMYAA_-_Daily_Performance_Dashboard_7.5.2026.,9,14 Jun 2026,14 May 2026 - 13 Jun  2026,114,68,11,3,9,2088.57,Deposits
eMYAA_-_Daily_Performance_Dashboard_7.5.2026.,10,10 Jun 2026,14 May 2026 - 09 Jun  2026,110,63,8,3,8,2088.57,Deposits
eMYAA_-_Daily_Performance_Dashboard_7.5.2026.,11,04 Jun 2026,14 May 2026 - 03 Jun  2026,107,53,6,2,4,1609.40,Deposits
eMYAA_-_Daily_Performance_Dashboard_7.5.2026.,12,01 Jun 2026,31 May  2026,107,53,6,2,4,1609.40,Deposits
eMYAA_-_Daily_Performance_Dashboard_7.5.2026.,13,26 May 2026,25 May  2026,51,50,1,1,0,66.15,Deposits
eMYAA_-_Daily_Performance_Dashboard_7.5.2026.,14,25 May 2026,24 May  2026,50,50,0,0,0,0,Deposits
eMYAA_-_Daily_Performance_Dashboard_7.5.2026.,15,24 May 2026,21 May 2026 – 23 May 2026,32,49,0,0,0,0,Deposits
eMYAA_-_Daily_Performance_Dashboard_7.5.2026.,16,21 May 2026,20 May 2026,15,44,0,0,0,0,Deposits
eMYAA_-_Daily_Performance_Dashboard_7.5.2026.,17,20 May 2026,12 May 2026 - 19 May 2026,15,42,4,1,0,0.99,Deposits
